,Product name: ,Price: ,Shipping: ,Total: ,URL: 
0,N/A,0.0,0.0,0.0,N/A
1,Pixies - Doolittle  [VINYL],41.38,0.0,41.38,https://www.ebay.com.au/itm/275318678203?epid=11050173324&hash=item401a45a2bb:g:AzAAAOSwpk5ih2qU
2,Pixies - Doolittle - Vinyl - New,39.99,9.3,49.290000000000006,https://www.ebay.com.au/itm/401461432262?epid=11050173324&hash=item5d78f74fc6:g:YAkAAOSwhAJgPtta
3,PIXIES - Doolittle - Vinyl (LP),45.37,6.89,52.26,https://www.ebay.com.au/itm/403675662296?epid=1605498731&hash=item5dfcf1c7d8:g:j7EAAOSwq3Zi4dDi
4,"New listingPixies Doolittle Vinyl / 12"" Album NEU",52.02,4.85,56.870000000000005,https://www.ebay.com.au/itm/284925126788?epid=159400277&hash=item4256dc6884:g:rGQAAOSwyFpi8Kuw
5,"Pixies Doolittle Vinyl / 12"" Album NEW",52.75,5.75,58.5,https://www.ebay.com.au/itm/304586293215?epid=1605498731&hash=item46eac1ffdf:g:W4gAAOSwR6li6~vm
6,Pixies - Doolittle Vinyl LP 2004 NEW,59.39,0.0,59.39,https://www.ebay.com.au/itm/234564878696?epid=11050173324&hash=item369d280168:g:ppwAAOSwtophucnm
7,Pixies - Doolittle [VINYL],56.51,3.84,60.349999999999994,https://www.ebay.com.au/itm/293044687054?epid=1605498731&hash=item443ad310ce:g:I1cAAOSwQTVeRY1s
8,PIXIES - DOOLITTLE NEW VINYL RECORD,50.22,15.25,65.47,https://www.ebay.com.au/itm/354014371785?epid=1605498731&hash=item526ce69fc9:g:ZQsAAOSwxidiXGIw
9,PIXIES - DOOLITTLE - VINYL LP 180g *NEW & SEALED*,40.98,26.86,67.84,https://www.ebay.com.au/itm/255662688583?epid=1605498731&hash=item3b86af0947:g:qbsAAOSwVYdi7QIK
10,PIXIES - DOOLITTLE NEW VINYL,47.69,20.6,68.28999999999999,https://www.ebay.com.au/itm/144069206149?epid=21046056610&hash=item218b31a085:i:144069206149
11,"Herb Alpert Rise / Aranjuez (Mon Amour) Spain Vinyl 7 "" 45 A&M 1979 (Promo)",23.44,0.0,23.44,https://www.ebay.com.au/itm/174593759955?hash=item28a6995ad3:g:xEUAAOSwGc5f~epw
12,"Herb Alpert 7"" vinyl single record Rise UK AMS7465 A&M 1979",21.0,8.44,29.439999999999998,https://www.ebay.com.au/itm/393903654902?hash=item5bb67cc7f6:g:W5cAAOSwnRFh8~bN
13,"Herb Alpert Rise - Alternate B-Side 7"" vinyl single record UK",22.92,8.44,31.36,https://www.ebay.com.au/itm/275150850985?hash=item401044cba9:g:9tcAAOSwW5Jh-kL3
14,"Herb Alpert Rise 12"" vinyl single record (Maxi) UK AMS7465 A&M",22.9,8.92,31.82,https://www.ebay.com.au/itm/275152212045?hash=item401059904d:g:Z~YAAOSwL3xh-6Wu
15,"ALPERT, Herb - Rise - Vinyl (12"")",30.02,6.89,36.91,https://www.ebay.com.au/itm/115484386733?hash=item1ae367e5ad:g:VrQAAOSwuT1i68Lm
16,"HERB ALPERT rise LP EX/EX, AMLH 64790, vinyl, album, soul-jazz, uk, 1979,",41.47,0.02,41.49,https://www.ebay.com.au/itm/125416511783?hash=item1d33681927:g:cWIAAOSwwrdi0B5Y
17,"HERB ALPERT rise (1st uk press) LP EX/EX, AMLH 64790, vinyl, album, soul-jazz",41.47,0.02,41.49,https://www.ebay.com.au/itm/304563600892?hash=item46e967bdfc:g:ulUAAOSwhsBi0B5i
18,"HERB ALPERT rise (1st uk press) LP EX/EX, AMLH 64790, vinyl, album, soul-jazz",41.47,0.02,41.49,https://www.ebay.com.au/itm/304563570162?hash=item46e96745f2:g:Ka0AAOSwARVi0BTi
19,"HERB ALPERT rise LP EX/EX, AMLH 64790, vinyl, album, soul-jazz, uk, 1979,",41.47,0.02,41.49,https://www.ebay.com.au/itm/295094378557?hash=item44b4fee03d:g:7PIAAOSwf4Ni0BeX
20,Herb Alpert Rise Vinyl Single 7inch A&M Records,30.96,11.72,42.68,https://www.ebay.com.au/itm/303762458823?hash=item46b9a748c7:g:XS8AAOSwPHhfrCby
21,N/A,0.0,0.0,0.0,N/A
22,THE CHEMICAL BROTHERS   -   EXIT PLANET DUST        -  NEW  2LP VINYL SEALED,60.0,0.0,60.0,https://www.ebay.com.au/itm/133856065810?hash=item1f2a717912:g:DdoAAOSwYophIdHK
23,THE CHEMICAL BROTHERS - EXIT PLANET DUST - 2 LP VINYL NEW 2016 ALBUM,59.99,6.99,66.98,https://www.ebay.com.au/itm/165563548993?epid=18050150525&hash=item268c5b4541:g:8GwAAOSwVWth-i~s
24,"New listingThe Chemical Brothers  Exit Planet Dust Vinyl  (Record, 2012)",38.36,34.53,72.89,https://www.ebay.com.au/itm/125453261044?epid=13052238992&hash=item1d3598d8f4:g:wxoAAOSw8hJi7Yl3
25,"The Chemical Brothers, Exit Planet Dust Vinyl .",47.94,26.86,74.8,https://www.ebay.com.au/itm/165602763269?epid=13052238992&hash=item268eb1a205:g:GWAAAOSwbG5i2Tf3
26,The Chemical Brothers Exit Planet Dust Double Vinyl New,43.51,36.62,80.13,https://www.ebay.com.au/itm/295021366533?hash=item44b0a4cd05:g:6ekAAOSwTXdim05g
27,"The Chemical Brothers, Exit Planet Dust Vinyl Record/LP *NEW*",63.21,29.73,92.94,https://www.ebay.com.au/itm/284532532157?epid=13052238992&hash=item423f75e3bd:g:9pMAAOSw0Q1hCqxS
28,Exit Planet Dust [VINYL] by The Chemical Brothers,94.04,0.0,94.04,https://www.ebay.com.au/itm/185141983163?epid=18050150525&hash=item2b1b5277bb:g:Mk4AAOSwX7Ficv8T
29,The Chemical Brothers ‎- Exit Planet Dust (Double LP) (180g Vinyl) (M/M) (Sld),57.53,39.8,97.33,https://www.ebay.com.au/itm/402801796013?hash=item5dc8dba3ad:g:36sAAOSwUKlgfvO~
30,THE CHEMICAL BROTHERS EXIT PLANET DUST ASTRALWERKS ASW61571 US VINYL 2LP,71.56,36.58,108.14,https://www.ebay.com.au/itm/363596247411?hash=item54a8067173:g:VAgAAOSwR6lheRaI
31,THE CHEMICAL BROTHERS EXIT PLANET DUST 2x LP VINYL EU PRESS VIRGIN RECORDS New,95.28,28.55,123.83,https://www.ebay.com.au/itm/112800517174?hash=item1a436f4c36:g:NbsAAOSw2tFaei~7
32,The Allman Brothers Band Reach For The Sky Arista Vinyl LP,21.49,11.72,33.21,https://www.ebay.com.au/itm/384944309370?hash=item59a078047a:g:oOwAAOSw4pxipMl7
33,"The Allman Brothers Band Win, Lose Or Draw Capricorn Records Vinyl LP",25.97,11.72,37.69,https://www.ebay.com.au/itm/304521245456?hash=item46e6e17310:g:8rQAAOSw32tiojYD
34,Leif De Leeuw Band Plays the Allman Brothers Band Vinyl NEW,36.36,3.3,39.66,https://www.ebay.com.au/itm/354178005418?epid=13050164800&hash=item5276a779aa:g:Ba0AAOSwzW1i2OMc
35,The Allman Brothers Band - Brothers And Sisters [VINYL],40.19,0.0,40.19,https://www.ebay.com.au/itm/275318690269?epid=15050143405&hash=item401a45d1dd:g:JecAAOSwFhBih2sB
36,Leif De Leeuw Band Plays the Allman Brothers Band Vinyl NEU,39.18,4.85,44.03,https://www.ebay.com.au/itm/284903075831?hash=item42558beff7:g:a4wAAOSwZ5li14Gk
37,"The Allman Brothers Band - Win, Lose or Draw  -LP Vinyl BRNAD NEW,SEALED",26.14,18.99,45.129999999999995,https://www.ebay.com.au/itm/393543148232?hash=item5ba0ffe2c8:g:MngAAOSwGvZf-Ggl
38,Leif De Leeuw Band Plays the Allman Brothers Band Vinyl NEW,39.55,5.75,45.3,https://www.ebay.com.au/itm/354175383054?epid=17052269485&hash=item52767f760e:g:N9YAAOSwz5Vi1wvr
39,"Win, Lose or Draw [Vinyl LP]. The Allman Brothers Band:",23.91,22.64,46.55,https://www.ebay.com.au/itm/304405968064?hash=item46e00274c0:g:JzcAAOSwOkFiiMLI
40,The Allman Brothers Band Brothers and Sisters Vinyl NEU,41.85,4.85,46.7,https://www.ebay.com.au/itm/284854406219?epid=166050774&hash=item4252a54c4b:g:agQAAOSwVaJip4po
41,The Allman Brothers Band ‎– Brothers And Sisters  German Reissued Vinyl LP,26.88,19.88,46.76,https://www.ebay.com.au/itm/144232490678?hash=item2194ed26b6:g:ixkAAOSwJJFfbOSy
42,Led Zeppelin(Vinyl LP Gatefold)Untitled-Atlantic-8122-79657-7-2020-M/M,40.26,11.49,51.75,https://www.ebay.com.au/itm/314065913810?epid=23052243722&hash=item491fc987d2:g:7Z0AAOSwn21iyDE-
43,LED ZEPPELIN IV/Untitled VINYL LP P-8166A Japanese Press,21.69,34.96,56.650000000000006,https://www.ebay.com.au/itm/314097656932?hash=item4921ade464:g:v5YAAOSwRuZi0y~A
44,Led Zeppelin IV Untitled - 1971 gatefold Vinyl LP Album - SD 19129 Monarch,25.31,35.05,60.36,https://www.ebay.com.au/itm/255627469025?hash=item3b8495a0e1:g:j6QAAOSw7IBizkXT
45,Led Zeppelin - Untitled - Vinyl Record.. - Q1085A,36.01,26.68,62.69,https://www.ebay.com.au/itm/385028356393?hash=item59a57a7929:g:GxwAAOSwf8Bi4IJx
46,"Led Zeppelin IV Untitled (LP, 1971) SD 7208 LP~Vinyl Scratched",28.91,36.58,65.49,https://www.ebay.com.au/itm/234543077324?hash=item369bdb57cc:g:qC8AAOSww3ZidvR3
47,Led Zeppelin ‎– Untitled lV Symbols : SPAIN PLUM – HATS 421-81  Vinyl LP@,38.36,28.77,67.13,https://www.ebay.com.au/itm/265337807916?hash=item3dc75da42c:g:GZ0AAOSwHYdggKjr
48,New listingLed Zeppelin 4 (Untitled) Atlantic Vinyl LPVG/VG/VG+,34.88,32.73,67.61,https://www.ebay.com.au/itm/255666207877?hash=item3b86e4bc85:g:9xMAAOSwfuRiP3yG
49,Led Zeppelin - Untitled - Vinyl Record.. - Q34A,41.02,26.86,67.88,https://www.ebay.com.au/itm/325262985072?hash=item4bbb2f4770:g:5xUAAOSwcXpiywVn
50,Led Zeppelin - Untitled - Vinyl Record.. - Q34A,41.02,26.86,67.88,https://www.ebay.com.au/itm/325262985082?hash=item4bbb2f477a:g:dg0AAOSwi7BiywVn
51,New listingLed Zeppelin - Untitled - Vinyl Record.. - Q1202A,42.48,26.91,69.39,https://www.ebay.com.au/itm/374206163857?hash=item57206ceb91:g:lV0AAOSwOD1i8J7i
52,Phantogram - Three Vinyl LP SEALED,57.84,35.82,93.66,https://www.ebay.com.au/itm/234554566881?hash=item369c8aa8e1:g:KJcAAOSw0cVigfTB
53,"Phantogram - Three, Sealed  12"" Vinyl LP, UK Seller",76.71,28.13,104.83999999999999,https://www.ebay.com.au/itm/363923079497?epid=8052274405&hash=item54bb818149:g:q~cAAOSwdhhi4VjC
54,"NATIONAL, The - Boxer - Vinyl (LP)",44.41,6.89,51.3,https://www.ebay.com.au/itm/115472161834?epid=10052244335&hash=item1ae2ad5c2a:g:WP8AAOSwPUxi5xEe
55,The National - Boxer [New Vinyl LP],41.32,10.48,51.8,https://www.ebay.com.au/itm/134116344692?epid=3046076956&hash=item1f39f50374:g:bLoAAOSw03xifUg1
56,The National - Boxer VINYL LP,52.95,0.0,52.95,https://www.ebay.com.au/itm/225002954827?epid=19050202708&hash=item346338a04b:g:2TsAAOSw6wRijq96
57,The National Boxer vinyl LP NEW/SEALED,54.99,0.0,54.99,https://www.ebay.com.au/itm/265737810413?epid=19050202708&hash=item3ddf3531ed:g:whUAAOSwb4ZiqYxj
58,THE NATIONAL BOXER LIMITED YELLOW vinyl LP +DOWNLOAD Record SEALED/BRAND NEW,48.99,6.99,55.980000000000004,https://www.ebay.com.au/itm/224905547983?hash=item345d6a50cf:g:poQAAOSwWQ9iqYxM
59,The National - Boxer Vinyl LP 2007 BRAND NEW,59.39,0.0,59.39,https://www.ebay.com.au/itm/374044806501?epid=19050202708&hash=item5716cecd65:g:XIoAAOSwnO5huc0o
60,THE NATIONAL BOXER NEW SEALED COLOURED VINYL LP IN STOCK,34.88,27.13,62.010000000000005,https://www.ebay.com.au/itm/354192900341?hash=item52778ac0f5:g:hr8AAOSwMpNhvMje
61,The National - Boxer [New Vinyl LP Album] with Download Voucher,37.58,24.54,62.12,https://www.ebay.com.au/itm/304565888236?epid=3046076956&hash=item46e98aa4ec:g:L8YAAOSwCWJig9iF
62,The National - Boxer Vinyl LP 2007 NEW,43.58,26.94,70.52,https://www.ebay.com.au/itm/385033495198?epid=10052244335&hash=item59a5c8e29e:g:SMYAAOSw6VRbK9Eu
63,The National BOXER +MP3s BEGGARS BANQUET RECORDS New Sealed Black Vinyl LP,34.69,36.64,71.33,https://www.ebay.com.au/itm/144546740965?epid=3046076956&hash=item21a7a83ae5:g:FhMAAOSwLpdW9XT1
64,Oasis What's The Story Morning Glory vinyl 2 LP trifold sleeve NEW/SEALED,69.99,0.0,69.99,https://www.ebay.com.au/itm/231497713704?epid=0&hash=item35e656c828:g:roUAAOSw0NRhQQ5~
65,OASIS What's The Story Morning Glory vinyl 2 LP Record SEALED/BRAND NEW,63.99,6.99,70.98,https://www.ebay.com.au/itm/323987129134?hash=item4b6f23432e:g:G6sAAOSwJN5hQQ6I
66,OASIS - (What's The Story) Morning Glory? (remastered) - Vinyl (2xLP),59.27,16.96,76.23,https://www.ebay.com.au/itm/115450513504?epid=20052254805&hash=item1ae1630860:g:kfQAAOSwDUpi4Qz6
67,Oasis - (What's The Story) Morning Glory? - 2 x Remastered Vinyl LP - New/Sealed,52.75,23.98,76.73,https://www.ebay.com.au/itm/165614581572?epid=20052254805&hash=item268f65f744:g:htoAAOSwS5Bh~tS3
68,Oasis - (What's The Story) Morning Glory - 2 x 180gram Vinyl Lp NEW & SEALED,62.9,15.13,78.03,https://www.ebay.com.au/itm/233624208869?epid=20052254805&hash=item36651685e5:g:3SMAAOSwpLBdNvPB
69,Oasis  (What’s The Story) Morning Glory ?  2 × Vinyl LP Reissue Remastered,56.59,23.98,80.57000000000001,https://www.ebay.com.au/itm/165575817749?epid=20052254805&hash=item268d167a15:g:htoAAOSwS5Bh~tS3
70,Oasis - (What's The Story) Morning Glory? (Remastered) (NEW 2 VINYL LP),53.69,32.61,86.3,https://www.ebay.com.au/itm/354169781901?epid=20052254805&hash=item527629fe8d:g:YaUAAOSwL-li0sh4
71,Oasis – (What’s The Story) Morning Glory ? 2 x VINYL,52.32,35.1,87.42,https://www.ebay.com.au/itm/334522832737?hash=item4de31d5761:g:41EAAOSwnmJinLYr
72,Oasis ‎– (What's The Story) Morning Glory? : Big Brother ‎– SEALED VINYL 2LP,72.87,49.91,122.78,https://www.ebay.com.au/itm/274898537221?hash=item40013acb05:g:kdEAAOSwc5NhEYs6
73,Oasis – (What's The Story) Morning Glory? – 2LP Vinyl – 180g - Trifold Sleeve NM,39.04,91.1,130.14,https://www.ebay.com.au/itm/115482706501?epid=13046045270&hash=item1ae34e4245:g:jIwAAOSwUcJi6X8y
74,"TOTO toto iv LP EX-/VG, CBS 85529, vinyl, album, pop rock, AOR, classic rock",29.06,0.0,29.06,https://www.ebay.com.au/itm/294884312436?hash=item44a8798574:g:LYwAAOSwpOdiPckt
75,"TOTO toto iv LP EX-/VG, CBS 85529, vinyl, album, pop rock, AOR, classic rock",36.79,0.02,36.81,https://www.ebay.com.au/itm/304412979411?hash=item46e06d70d3:g:FywAAOSwxxpiPeZ9
76,LP TOTO Iv 20AP2280 CBS SONY JAPAN Vinyl OBI,37.92,0.0,37.92,https://www.ebay.com.au/itm/314039143813?hash=item491e310d85:g:5-IAAOSwSD9irCcz
77,"TOTO toto iv (1st uk press) LP EX/VG, CBS 85529, vinyl, album, classic rock,",32.55,0.0,32.55,https://www.ebay.com.au/itm/304350805734?hash=item46dcb8bee6:g:OukAAOSwbJFiA2kf
78,"TOTO toto iv LP EX-/VG, CBS 85529, vinyl, album, pop rock, AOR, classic rock",40.42,0.02,40.440000000000005,https://www.ebay.com.au/itm/294884542250?hash=item44a87d072a:g:mAkAAOSwJ6JiPfCr
79,"TOTO toto iv LP EX-/VG, CBS 85529, vinyl, album, pop rock, AOR, classic rock",40.42,0.02,40.440000000000005,https://www.ebay.com.au/itm/304412994287?hash=item46e06daaef:g:ZVsAAOSw1bNiPekK
80,"TOTO toto iv (1st uk press) LP EX/VG, CBS 85529, vinyl, album, classic rock,",40.42,0.02,40.440000000000005,https://www.ebay.com.au/itm/304350845028?hash=item46dcb95864:g:FZsAAOSwulViA3Z6
81,"TOTO toto iv LP EX/EX-, CBS 450088 1, vinyl, album, uk, 1982, classic rock",36.18,0.0,36.18,https://www.ebay.com.au/itm/304412703321?hash=item46e0693a59:g:j5cAAOSwliNiPce8
82,"TOTO toto iv (1st uk press) LP EX/VG, CBS 85529, vinyl, album, classic rock,",44.42,0.02,44.440000000000005,https://www.ebay.com.au/itm/125139802442?hash=item1d22e9d94a:g:dosAAOSwiQNiA4Ma
83,"TOTO toto iv (1st uk press) LP EX/VG, CBS 85529, vinyl, album, classic rock,",44.42,0.02,44.440000000000005,https://www.ebay.com.au/itm/125139759829?hash=item1d22e932d5:g:TfcAAOSwwAliA3oE
84,Genesis – The Lamb Lies Down On Broadway 1974 Charisma  - Vinyl Records 2 LP 1st,30.0,12.95,42.95,https://www.ebay.com.au/itm/185528868213?hash=item2b3261dd75:g:gAgAAOSwFHxiroDA
85,Genesis - The Lamb Lies Down On Broadway Double Vinyl LP,26.14,26.33,52.47,https://www.ebay.com.au/itm/393973100022?hash=item5bbaa06df6:g:ubAAAOSwY~piI3QO
86,Genesis - The Lamb Lies Down On Broadway - Vinyl Record.. - Q1085A,27.29,26.37,53.66,https://www.ebay.com.au/itm/374190562828?hash=item571f7ede0c:g:qSwAAOSwvYhi4IJy
87,Genesis - The Lamb Lies Down On Broadway - Vinyl Record lp.. - Q34A,30.12,26.47,56.59,https://www.ebay.com.au/itm/384999485395?hash=item59a3c1efd3:g:XrEAAOSwNvxiywNx
88,The Lamb Lies Down on Broadway - Genesis vinyl double album ATCO label,26.16,33.66,59.81999999999999,https://www.ebay.com.au/itm/275345956936?hash=item401be5e048:g:qHkAAOSwNy9iSIIF
89,Genesis - The Lamb Lies Down On Broadway [VINYL],61.19,0.0,61.19,https://www.ebay.com.au/itm/275318843063?epid=24050191092&hash=item401a4826b7:g:4bUAAOSwuS1ih3gj
90,"GENESIS the lamb lies down on broadway 2X LP EX-/EX-, CGS 101, vinyl, album, uk",54.02,0.0,54.02,https://www.ebay.com.au/itm/304391033380?hash=item46df1e9224:g:UtwAAOSwJw9iKehg
91,Genesis – The Lamb Lies Down On Broadway .Vinyl LP. Repress. Double gatefold,27.9,34.23,62.129999999999995,https://www.ebay.com.au/itm/284916476676?hash=item4256586b04:g:A5AAAOSw3KViTzOi
92,Vintage Genesis - In Your Wardrobe/The Lamb Lies Down On Broadway 45 Vinyl...,21.68,41.04,62.72,https://www.ebay.com.au/itm/294999444005?hash=item44af564a25:g:QI4AAOSwc4JijAfS
93,"The Lamb Lies Down on Broadway [Vinyl, 2 LPs Nr. CGS 101]. Genesis:",41.7,22.64,64.34,https://www.ebay.com.au/itm/354058296472?hash=item526f84dc98:g:VjkAAOSwiANifq2V
94,Son Lux-TOMORROWS (BLK) (OFGV) (DLCD) VINYL LP NEW,45.52,3.3,48.82,https://www.ebay.com.au/itm/284656574602?epid=10050190086&hash=item4246daa08a:g:lXUAAOSw-fRiDVXv
95,Son Lux-TOMORROWS (BLK) (OFGV) (DLCD) VINYL LP NEU,48.69,4.85,53.54,https://www.ebay.com.au/itm/353916016364?hash=item526709d6ec:g:ks4AAOSwlgRiDWcF
96,Son Lux-TOMORROWS (BLK) (OFGV) (DLCD) VINYL LP NEW,49.34,5.75,55.09,https://www.ebay.com.au/itm/304360226950?epid=2323298761&hash=item46dd488086:g:VWYAAOSwk~FiDWOi
97,"Son Lux - Tomorrows [New Vinyl LP] Black, 140 Gram Vinyl, Digital Download",64.61,10.48,75.09,https://www.ebay.com.au/itm/144137681869?epid=24048599625&hash=item218f467bcd:g:hLUAAOSw6vJhCR-S
98,SON LUX - TOMORROWS - Vinyl Record L.P. SET.. - P707A,50.41,27.19,77.6,https://www.ebay.com.au/itm/384956769670?epid=2323298761&hash=item59a1362586:g:TIYAAOSwIUpirf9M
99,SON LUX-TOMORROWS (BLK) (OFGV) (DLCD) (US IMPORT) VINYL LP NEW,92.08,3.3,95.38,https://www.ebay.com.au/itm/114911950684?epid=10050190086&hash=item1ac149375c:g:mG4AAOSwiLZhAtwa
100,SON LUX-TOMORROWS (BLK) (OFGV) (DLCD) (Importación USA) VINYL LP NUEVO,97.71,4.85,102.55999999999999,https://www.ebay.com.au/itm/114912130208?hash=item1ac14bf4a0:g:0mwAAOSwz~BhAwi-
101,Son Lux Tomorrows VINYL LP NEW,97.98,6.36,104.34,https://www.ebay.com.au/itm/403585188881?epid=24048599625&hash=item5df78d4411:g:CqkAAOSwW8diTDo5
102,SON LUX-TOMORROWS (BLK) (OFGV) (DLCD) VINYL LP NEW,99.85,4.92,104.77,https://www.ebay.com.au/itm/234097697135?hash=item36814f616f:g:9x4AAOSw5eRg94mi
103,Son Lux: Tomorrows =LP vinyl *BRAND NEW*=,85.53,21.1,106.63,https://www.ebay.com.au/itm/165540023949?hash=item268af44e8d:g:BfAAAOSwMeJir0r2
104,The Mars Volta - De-Loused In The Comatorium (VMP Essentials) | 2LP Vinyl Me,34.88,36.22,71.1,https://www.ebay.com.au/itm/175370003506?hash=item28d4dde432:g:P1cAAOSwwfBi6B44
105,Mars Volta Landscape Tantrums GLOW IN DARK VINYL! De​-​Loused In The Comatorium!,56.45,44.54,100.99000000000001,https://www.ebay.com.au/itm/394007967694?hash=item5bbcb477ce:g:JFYAAOSwt8piQnz6
106,THE MARS VOLTA De-Loused in the Comatorium Black/Gold Vinyl Me Please VMP 2LP,77.0,36.5,113.5,https://www.ebay.com.au/itm/394177682125?hash=item5bc6d21acd:g:tecAAOSwIUNi3xcB
107,THE MARS VOLTA De-Loused in the Comatorium Black/Gold VMP Vinyl Me Please 2 LP,95.42,35.79,131.21,https://www.ebay.com.au/itm/155086279104?hash=item241bdcd1c0:g:4EkAAOSwz9Zi2ZYR
108,THE MARS VOLTA DE-LOUSED IN THE COMATORIUM VINYL ME PLEASE VMP GOLD VINYL LP .,92.06,53.69,145.75,https://www.ebay.com.au/itm/325290092094?hash=item4bbccce63e:g:ZocAAOSwfcti37Vh
109,Matt Costa Yellow Coat VINYL LP NEW,32.09,3.3,35.39,https://www.ebay.com.au/itm/304570805555?epid=10050188215&hash=item46e9d5ad33:g:CcUAAOSwIeVi2Tjs
110,Matt Costa Yellow Coat VINYL LP NEU,34.75,4.85,39.6,https://www.ebay.com.au/itm/304508741020?hash=item46e622a59c:g:dVoAAOSwJ3VilOiR
111,Matt Costa Yellow Coat VINYL LP NEW,34.99,5.75,40.74,https://www.ebay.com.au/itm/354084674684?epid=13052268770&hash=item5271175c7c:g:KsQAAOSw-PZilKj9
112,Matt Costa Yellow Coat (Importación USA) VINYL LP NUEVO,39.6,4.85,44.45,https://www.ebay.com.au/itm/115343881182?hash=item1adb07f3de:g:-fEAAOSwoFViWOKr
113,Matt Costa Yellow Coat VINYL LP NEW,40.82,4.92,45.74,https://www.ebay.com.au/itm/234506630721?hash=item3699af3641:g:lUcAAOSwsQxiVgAM
114,Matt Costa - Yellow Coat - LP Vinyl - DGB2121 - NEW,32.8,13.81,46.61,https://www.ebay.com.au/itm/265720008338?epid=13052268770&hash=item3dde258e92:g:wjYAAOSwGelimTOa
115,Matt Costa-Yellow Coat (US IMPORT) VINYL LP NEW,40.93,5.75,46.68,https://www.ebay.com.au/itm/115327946973?epid=13052268770&hash=item1ada14d0dd:g:K5kAAOSwKS1iS0Kx
116,Matt Costa Yellow Coat VINYL LP NUOVO,42.25,4.85,47.1,https://www.ebay.com.au/itm/115343706435?hash=item1adb054943:g:ZJAAAOSw4EhiWMtj
117,COSTA MATT - YELLOW COAT - Vinyl Record.. - P4A,36.74,19.36,56.1,https://www.ebay.com.au/itm/325278207763?epid=13052268770&hash=item4bbc178f13:g:uPIAAOSwj15i2bgc
118,"COSTA, MATT - YELLOW COAT NEW VINYL RECORD",41.2,15.25,56.45,https://www.ebay.com.au/itm/334408329660?epid=13052268770&hash=item4ddc4a29bc:g:ETMAAOSw5spiXSn5
119,Slowdive 5 EP: (In Mind Remixes) Vinyl NEW,34.45,3.3,37.75,https://www.ebay.com.au/itm/284801422102?epid=11050140142&hash=item424f7cd316:g:2LwAAOSwLW1idD04
120,Slowdive - Morningrise (Coloured Vinyl) [VINYL],41.91,0.0,41.91,https://www.ebay.com.au/itm/275318898250?epid=16050165553&hash=item401a48fe4a:g:cFwAAOSwkCJih34M
121,Slowdive 5 EP: (In Mind Remixes) Vinyl NEU,37.21,4.85,42.06,https://www.ebay.com.au/itm/284801355074?hash=item424f7bcd42:g:yPsAAOSwpSdidC9y
122,Slowdive - 5 EP (In Mind Remixes) (Coloured Vinyl) [VINYL],42.38,0.0,42.38,https://www.ebay.com.au/itm/275318902651?epid=11050140142&hash=item401a490f7b:g:ERgAAOSwN45ih340
123,Slowdive - 5 EP (Coloured Vinyl) [VINYL],42.63,0.0,42.63,https://www.ebay.com.au/itm/275318901770?epid=22050152706&hash=item401a490c0a:g:b10AAOSwuIlih34r
124,SLOWDIVE 'Morningrise' Ltd. Edition 80g SMOKE Vinyl EP NEW/SEALED,29.99,12.95,42.94,https://www.ebay.com.au/itm/114564721384?hash=item1aac96eae8:g:PdoAAOSwDaVfzzy8
125,SLOWDIVE 'Holding Our Breath' Ltd. Edition 180g FLAMING Vinyl EP NEW/SEALED,29.99,12.95,42.94,https://www.ebay.com.au/itm/114772596416?hash=item1ab8fad6c0:g:AhAAAOSw1rJf6YQt
126,Slowdive 5 EP: (In Mind Remixes) Vinyl NEW,37.52,5.75,43.27,https://www.ebay.com.au/itm/304476072223?epid=14052253028&hash=item46e430291f:g:Mj8AAOSwvOVidFi9
127,Slowdive-Morningrise (12`` Coloured) VINYL NEW,40.72,3.3,44.019999999999996,https://www.ebay.com.au/itm/284719567738?epid=16050165553&hash=item424a9bd37a:g:y2AAAOSwEEpiOt9a
128,Slowdive 5 EP VINYL NEW,40.72,3.3,44.019999999999996,https://www.ebay.com.au/itm/284735414194?hash=item424b8d9fb2:g:7XcAAOSwjaZiRLHY
129,The Roots Illadelph Halflife OG 1996 Geffen Vinyl LP DGC2 24972 Questlove Rahzel,63.63,36.18,99.81,https://www.ebay.com.au/itm/403811954023?hash=item5e05116d67:g:HBcAAOSwfIBi6Y6Z
130,Love - Forever Changes (Mono)  [VINYL],38.49,0.0,38.49,https://www.ebay.com.au/itm/275319345461?epid=11043909986&hash=item401a4fd135:g:hbYAAOSwyx9ih8hb
131,Love Forever Changes Vinyl NEW,35.81,3.3,39.11,https://www.ebay.com.au/itm/354166447620?epid=9050161078&hash=item5275f71e04:g:ipMAAOSwWnpi0G1b
132,Love Forever Changes Vinyl NEU,38.61,4.85,43.46,https://www.ebay.com.au/itm/304563870226?epid=1304750273&hash=item46e96bda12:g:XYUAAOSw5Uxi0HJX
133,Love Forever Changes Vinyl NEW,38.96,5.75,44.71,https://www.ebay.com.au/itm/304563757463?epid=15052265297&hash=item46e96a2197:g:9OgAAOSwGt1i0FdR
134,LOVE - Forever Changes - LP - Limited Vinyl,32.32,12.92,45.24,https://www.ebay.com.au/itm/175239104975?hash=item28cd1089cf:g:2kYAAOSwF4RiVpG5
135,LOVE - FOREVER CHANGES 45th Anniversary - LP Stereo 180gram VINYL NEW ALBUM,39.99,6.99,46.980000000000004,https://www.ebay.com.au/itm/165588715572?epid=9050161078&hash=item268ddb4834:g:NKYAAOSwlmhbNCFJ
136,Love - Forever Changes [VINYL],43.54,3.84,47.379999999999995,https://www.ebay.com.au/itm/254735390561?epid=15052265297&hash=item3b4f699761:g:sUQAAOSwf1Recgpm
137,LOVE-Forever Changes (US IMPORT) VINYL NEW,44.92,3.3,48.22,https://www.ebay.com.au/itm/115299390908?epid=9050161078&hash=item1ad86115bc:g:z8oAAOSwnftiM2TL
138,Forever Changes (180 Gram Vinyl) by Love,49.52,0.0,49.52,https://www.ebay.com.au/itm/185104433708?epid=9050161078&hash=item2b1915822c:g:OFcAAOSwMHNhZuK5
139,Love - Forever Changes [New Vinyl LP] 180 Gram,42.39,7.27,49.66,https://www.ebay.com.au/itm/381244169866?epid=15052265297&hash=item58c3ec5e8a:g:i2QAAOSwls5Y6Cib
140,Middle Kids - LOST FRIENDS  [VINYL],31.83,0.0,31.83,https://www.ebay.com.au/itm/275318830114?epid=10050192662&hash=item401a47f422:g:QCQAAOSwC8Nih3cR
141,MIDDLE KIDS - LOST FRIENDS [VINYL],32.32,0.0,32.32,https://www.ebay.com.au/itm/275318871821?epid=26050206759&hash=item401a48970d:g:qkgAAOSw2ZJih3wO
142,MIDDLE KIDS Lost Friends LP VINYL Europe Lucky Number 2018 12 Track Lila EX-/EX,20.12,13.81,33.93,https://www.ebay.com.au/itm/134120875046?epid=24052255151&hash=item1f3a3a2426:g:arwAAOSwLVNigqFi
143,MIDDLE KIDS - LOST FRIENDS [VINYL],34.59,3.84,38.43000000000001,https://www.ebay.com.au/itm/254194345288?epid=20052233977&hash=item3b2f29e548:g:S4QAAOSwx5pfdd7n
144,MIDDLE KIDS - LOST FRIENDS [VINYL],34.59,3.84,38.43000000000001,https://www.ebay.com.au/itm/293051048925?epid=24052255151&hash=item443b3423dd:g:sJYAAOSwnmxfdd8M
145,Middle Kids Lost Friends Vinyl NEU,36.17,4.85,41.02,https://www.ebay.com.au/itm/354198034883?hash=item5277d919c3:g:~SQAAOSwn5Bi56fi
146,Middle Kids Lost Friends Vinyl NEW,36.47,5.75,42.22,https://www.ebay.com.au/itm/354203817618?epid=20052233977&hash=item5278315692:g:CQgAAOSwILdi64-3
147,MIDDLE KIDS-LOST FRIENDS (US IMPORT) VINYL LP NEW,46.16,3.3,49.459999999999994,https://www.ebay.com.au/itm/114945966554?epid=26050160959&hash=item1ac35041da:g:riYAAOSwGQphIBsF
148,Middle Kids - Lost Friends [Used Very Good Vinyl LP],40.04,10.48,50.519999999999996,https://www.ebay.com.au/itm/185225852306?epid=20046038067&hash=item2b20523592:g:R0gAAOSw1CRiA8wH
149,Middle Kids - Lost Friends [New Vinyl LP],43.22,10.48,53.7,https://www.ebay.com.au/itm/133389212819?epid=20046038067&hash=item1f0e9ddc93:g:qCIAAOSwfx1exzYa
150,"Michael Jackson Thriller 7"" Single Vinyl Record, Epic 1983",20.0,7.65,27.65,https://www.ebay.com.au/itm/354203776783?hash=item527830b70f:g:vpsAAOSwEu1i4RbY
151,Michael Jackson-Thriller1981-Dutch(Netherland)3643Vinyl und Cover gut plus,25.86,6.45,32.31,https://www.ebay.com.au/itm/265143152475?hash=item3dbbc36f5b:g:7sgAAOSwp6JgjDBN
152,"Michael Jackson-Thriller-VINYL 7""-Aussie Press-USED-SHLP_2791",25.0,9.95,34.95,https://www.ebay.com.au/itm/234601344922?hash=item369f546f9a:g:gxQAAOSwhwditsT9
153,"Michael Jackson THRILLER Disque 45t 7"" Vinyl Single Record Disc JAPAN 1984",32.32,4.69,37.01,https://www.ebay.com.au/itm/155066300771?hash=item241aabf963:g:3a8AAOSwpjVih4~w
154,LP/GF MICHAEL JACKSON Thriller 253P399 EPIC JAPAN Vinyl,37.92,0.0,37.92,https://www.ebay.com.au/itm/275364992690?hash=item401d0856b2:g:wFcAAOSwCTNiuU4L
155,Michael Jackson Thriller Vinyl LP gatefold sleeve Epic 1982 Billie Jean Beat It,20.93,18.8,39.730000000000004,https://www.ebay.com.au/itm/195254053929?hash=item2d760c6c29:g:rd8AAOSwTWJi5RfI
156,"MICHAEL JACKSON thriller (Greek pressing) LP EX/EX-, EPC 85930, vinyl, album,",32.21,0.0,32.21,https://www.ebay.com.au/itm/294703806846?hash=item449db7397e:g:RmEAAOSwl15h2d-0
157,"MICHAEL JACKSON thriller LP VG+/EX, EPC 85930, vinyl, album, with lyric inner,",32.55,0.0,32.55,https://www.ebay.com.au/itm/304337083916?hash=item46dbe75e0c:g:kYsAAOSwHkBh9Cco
158,Thriller. Michael Jackson. Original 1982 Vinyl Gatefold Album. EPC 85930 KRT7,21.78,18.83,40.61,https://www.ebay.com.au/itm/394133195214?hash=item5bc42b49ce:g:2jgAAOSwDIhitxxG
159,"MICHAEL JACKSON thriller LP VG+/EX, EPC 85930, vinyl, album, with lyric inner,",40.75,0.02,40.77,https://www.ebay.com.au/itm/294777261359?hash=item44a2180d2f:g:-20AAOSwP8Zh9Dcz
160,The Doves - Lost Souls [New Vinyl LP],56.76,9.69,66.45,https://www.ebay.com.au/itm/124965329530?hash=item1d18839a7a:g:7mIAAOSwreRhcYcM
161,The Doves - Lost Souls [New Vinyl LP],57.15,10.48,67.63,https://www.ebay.com.au/itm/133818357669?epid=20046088473&hash=item1f283217a5:g:nQ8AAOSwKvFg7px~
162,The Doves - Lost Souls [New Vinyl LP],68.62,4.83,73.45,https://www.ebay.com.au/itm/164985658426?hash=item2669e95c3a:g:YYYAAOSwxZthApR6
163,Doves Lost Souls (US IMPORT) VINYL NEW,73.4,3.3,76.7,https://www.ebay.com.au/itm/115486402173?epid=8050204482&hash=item1ae386a67d:g:F78AAOSwu-Fi7cGO
164,The Doves - Lost Souls [New Vinyl LP],74.44,4.42,78.86,https://www.ebay.com.au/itm/403564068961?hash=item5df64b0061:g:i7kAAOSwYqVhPeB2
165,Doves LOST SOULS 180g +MP3s HEAVENLY New Sealed Black Vinyl Record LP,44.81,36.89,81.7,https://www.ebay.com.au/itm/133654582997?epid=20046088473&hash=item1f1e6f16d5:g:pZYAAOSwOnVgGcKg
166,Doves Lost Souls VINYL NEW,78.74,6.36,85.1,https://www.ebay.com.au/itm/295140773536?epid=20046088473&hash=item44b7c2cea0:g:hNEAAOSwXwBi7tqK
167,Doves Lost Souls VINYL NEW,80.37,4.92,85.29,https://www.ebay.com.au/itm/234650407063?hash=item36a2411097:g:vuUAAOSwlCxi7uXF
168,"Doves : Lost Souls (180 Gram Vinyl 2LP and Download, 2020) New/Sealed",60.73,25.09,85.82,https://www.ebay.com.au/itm/255268750230?epid=20046088473&hash=item3b6f340396:g:TZIAAOSwGL1hsYDD
169,Doves Lost Souls VINYL NEUF,80.99,4.85,85.83999999999999,https://www.ebay.com.au/itm/115487151012?hash=item1ae39213a4:g:wwgAAOSwxk5i7uvN
170,NUJABES METAPHORICAL MUSIC (BLK) (GATE) VINYL LP NEW,88.33,3.3,91.63,https://www.ebay.com.au/itm/354191579842?epid=11050191229&hash=item5277769ac2:g:Pk4AAOSwBmdi4vAn
171,NUJABES METAPHORICAL MUSIC (BLK) (GATE) VINYL LP NEU,93.14,4.85,97.99,https://www.ebay.com.au/itm/284912010174?hash=item42561443be:g:YPYAAOSwSzFi4ZdL
172,NUJABES METAPHORICAL MUSIC (BLK) (GATE) VINYL LP NEW,95.09,5.75,100.84,https://www.ebay.com.au/itm/354189521906?epid=20025581712&hash=item52775733f2:g:-qgAAOSw7cBi4X2b
173,NUJABES - METAPHORICAL MUSIC 2LP/IMPORT - Vinyl Record lp.. - Q600A,83.88,28.39,112.27,https://www.ebay.com.au/itm/325290937784?epid=20025581712&hash=item4bbcd9cdb8:g:sLkAAOSwlhVi6Nx0
174,NUJABES Metaphorical Music Vinyl NEW & SEALED,85.15,28.42,113.57000000000001,https://www.ebay.com.au/itm/155066164664?epid=20025581712&hash=item241aa9e5b8:g:3QkAAOSwnSNixWtN
175,NUJABES - Metaphorical Music - Vinyl (gatefold 2xLP),99.56,16.96,116.52000000000001,https://www.ebay.com.au/itm/403791668426?epid=20025581712&hash=item5e03dbe4ca:g:JnwAAOSwF7hi4qg1
176,NUJABES `Nujabes - Metaphorical Music 2LP Japanese import VINYL LP,96.87,20.14,117.01,https://www.ebay.com.au/itm/165546951242?epid=20025581712&hash=item268b5e024a:g:6ykAAOSwBrJiteeo
177,NUJABES Metaphorical Music 2LP Vinyl Analog Record SHIPPING FROM JAPAN IN HAND,87.47,39.77,127.24000000000001,https://www.ebay.com.au/itm/384694470716?epid=20046065040&hash=item599193c83c:g:s~MAAOSwxjph7QYT
178,"Nujabes / Blessing It - Remix 12"" Vinyl Record EP METAPHORICAL MUSIC 2005 Lo-Fi",94.4,46.13,140.53,https://www.ebay.com.au/itm/393843740261?hash=item5bb2ea8e65:g:I0cAAOSwYL5h1FvV
179,Lord Huron – Strange Trails Vinyl 2LP 180G VINYL DIGITAL DOWNLOAD CARD NEW OPEN,82.42,44.68,127.1,https://www.ebay.com.au/itm/275411302011?epid=25046040943&hash=item401fcaf67b:g:zBAAAOSwvNdi4pAn
180,Lord Huron – Strange Trails (2-LP) 180g Black Vinyl Gatefold Jacket Hard To Find,99.75,43.11,142.86,https://www.ebay.com.au/itm/185504245359?hash=item2b30ea266f:g:diQAAOSwg0li1HVO
181,N/A,0.0,0.0,0.0,N/A
182,N/A,0.0,0.0,0.0,N/A
183,"Son Lux - Lanterns [New Vinyl] Ltd Ed, Downloadable Bonus Tracks",43.79,4.42,48.21,https://www.ebay.com.au/itm/304501449148?hash=item46e5b361bc:g:g-cAAOSw6IVgx4Le
184,"Son Lux - Lanterns [New Vinyl LP] Ltd Ed, Downloadable Bonus Tracks",42.84,10.48,53.32000000000001,https://www.ebay.com.au/itm/361850650738?epid=14046071327&hash=item543ffac072:g:zFYAAOSww3tY7S~I
185,Son Lux Lanterns Vinyl NEU,57.14,4.85,61.99,https://www.ebay.com.au/itm/284873403059?hash=item4253c72ab3:g:jSYAAOSwSGNiudP1
186,"Son Lux - Lanterns [New Vinyl] Ltd Ed, Downloadable Bonus Tracks",55.88,7.27,63.150000000000006,https://www.ebay.com.au/itm/371810846959?epid=21052276877&hash=item5691a748ef:g:uu0AAOSww3tY5~9G
187,Son Lux Lanterns Vinyl NEW,58.05,5.75,63.8,https://www.ebay.com.au/itm/354132840575?epid=21052276877&hash=item5273f6507f:g:PDoAAOSwt~9iuZpv
188,"Lanterns - Son Lux (2013, Vinyl NUEVO)",57.89,6.45,64.34,https://www.ebay.com.au/itm/165181453220?hash=item267594f3a4:g:xUYAAOSwBbdhkACb
189,"Lanterns - Son Lux (2013, Vinyl NUOVO)",60.18,4.83,65.01,https://www.ebay.com.au/itm/165181459047?hash=item2675950a67:g:6NQAAOSwMUpgx4Hh
190,"Lanterns - Son Lux (2013, Vinyl NEUF)",54.62,11.3,65.92,https://www.ebay.com.au/itm/393700185717?hash=item5baa5c1675:g:gqIAAOSwRWNhkBAG
191,"Son Lux - Lanterns [New Vinyl LP] Ltd Ed, Downloadable Bonus Tracks",66.33,0.0,66.33,https://www.ebay.com.au/itm/142207403899?epid=18050164802&hash=item211c38c77b:g:iHgAAOSwhQhY6JsD
192,LANTERNS [VINYL] SON LUX NEW VINYL,46.0,20.6,66.6,https://www.ebay.com.au/itm/384229751818?epid=14046071327&hash=item5975e0bc0a:g:ke4AAOSwbl9gzNHh
193,Angélique Kidjo REMAIN IN LIGHT (TALKING HEADS COVERS ALBU (US IMPORT) VINYL NEW,44.48,3.3,47.779999999999994,https://www.ebay.com.au/itm/115477617330?epid=14050182438&hash=item1ae3009ab2:g:ZMUAAOSw8vJi4ruy
194,Angélique Kidjo REMAIN IN LIGHT (TALKING HEADS COV (Importación USA) VINYL NUEVO,48.83,4.85,53.68,https://www.ebay.com.au/itm/115477461407?hash=item1ae2fe399f:g:wv0AAOSwJ-ti4ogc
195,Angélique Kidjo REMAIN IN LIGHT (TALKING HEADS COVERS ALBUM VINYL NEW,50.21,4.92,55.13,https://www.ebay.com.au/itm/234639089640?hash=item36a1945fe8:g:0KEAAOSwRxVi4pca
196,Angélique Kidjo REMAIN IN LIGHT (TALKING HEADS COVERS ALBUM VINYL NEW,48.91,6.36,55.269999999999996,https://www.ebay.com.au/itm/403802393093?epid=14048601905&hash=item5e047f8a05:g:BJsAAOSwkZ1i4ra4
197,Angélique Kidjo REMAIN IN LIGHT (TALKING HEADS COVERS ALBUM VINYL NUOVO,51.99,4.85,56.84,https://www.ebay.com.au/itm/115477681393?hash=item1ae30194f1:g:gDkAAOSwsrZi4tGJ
198,Angélique Kidjo REMAIN IN LIGHT (TALKING HEADS COVERS ALBU (US IMPORT) VINYL NEW,51.18,5.75,56.93,https://www.ebay.com.au/itm/115477474363?epid=14052230596&hash=item1ae2fe6c3b:g:euIAAOSwrf9i4ozX
199,OutKast Atliens / Wheelz Of Steel Vinyl Single 12inch Laface Records,31.98,11.72,43.7,https://www.ebay.com.au/itm/304471075728?hash=item46e3e3eb90:g:h2UAAOSwpvhicA7-
200,OUTKAST Atliens deluxe vinyl 4 LP Record SEALED/BRAND NEW,69.99,0.0,69.99,https://www.ebay.com.au/itm/325122876402?hash=item4bb2d563f2:g:6PAAAOSwTLZiQqMT
201,OUTKAST ATLiens BRAND NEW SEALED VINYL LP ANDRE 3000 BIG BOI,74.99,0.0,74.99,https://www.ebay.com.au/itm/165534024719?epid=15050194713&hash=item268a98c40f:g:~ywAAOSwTGliqxmm
202,OutKast - ATLiens 33 RPM Vinyl 2xLP Record 1996 LaFace Reissue Hip-Hop VG+ / VG+,50.54,40.75,91.28999999999999,https://www.ebay.com.au/itm/325212978628?hash=item4bb8343dc4:g:488AAOSwoFhilm~v
203,OutKast ATLiens 25th Anniversary Deluxe vinyl 4 LP NEW/SEALED,99.99,0.0,99.99,https://www.ebay.com.au/itm/234239863798?epid=13052313809&hash=item3689c8abf6:g:efcAAOSwV8Jha1Zj
204,"OutKast - ATliens (25th Anniversary Edition) [New Vinyl LP] Oversize Item Spilt,",90.54,10.48,101.02000000000001,https://www.ebay.com.au/itm/363525553473?epid=11048595413&hash=item54a3cfbd41:g:KU8AAOSw8lZhLdeR
205,OUTKAST - ATLIENS 25th Anniversary Deluxe - 4 LP VINYL NEW ALBUM,94.99,6.99,101.97999999999999,https://www.ebay.com.au/itm/165268846468?epid=13052313809&hash=item267aca7784:g:56IAAOSwfIJhPcoQ
206,Outkast - ATLiens Explicit Lyrics - 25th Anniversary - Vinyl (UD),69.39,35.18,104.57,https://www.ebay.com.au/itm/125423655101?epid=11048595413&hash=item1d33d518bd:g:yaAAAOSw~ixig9Kz
207,OutKast - ATLiens VMP Green Galaxy Vinyl 2LP Record New Sealed Vinyl Me Please,73.24,39.34,112.58,https://www.ebay.com.au/itm/115460682055?hash=item1ae1fe3147:g:8rUAAOSw87FisOEd
208,OutKast - ATliens (25th Anniversary 4-lp Set) NEW Sealed Vinyl LP Album,72.13,42.53,114.66,https://www.ebay.com.au/itm/115448874148?epid=11048595413&hash=item1ae14a04a4:g:NhkAAOSwp8ZivcLY
209,The Atomic Bomb Band ‎– Plays The Music Of William Onyeabor NEW VINYL LP,35.2,49.91,85.11,https://www.ebay.com.au/itm/372912537772?hash=item56d351c0ac:g:0lMAAOSwKdNeHJV6
210,WILLIAM ONYEABOR - TOMORROW  VINYL LP NEU,49.3,40.41,89.71,https://www.ebay.com.au/itm/371497263129?epid=217583444&hash=item567ef66019:g:7zUAAOSwHQ9WWwux
211,William Onyeabor - Tomorrow (Vinyl LP - 1979 - EU - Reissue),45.26,113.17,158.43,https://www.ebay.com.au/itm/234561232534?epid=217583444&hash=item369cf05e96:g:800AAOSwzpxiiLXq
212,Freddie Gibbs - Piñata Vinyl Record LP,43.38,29.69,73.07000000000001,https://www.ebay.com.au/itm/334394124690?hash=item4ddb716992:g:T5MAAOSwx8ZiTcJL
213,Freddie Gibbs & Madlib - Piñata 84 - RSD Limited Vinyl,60.0,16.2,76.2,https://www.ebay.com.au/itm/265797025108?hash=item3de2bcbd54:g:jpUAAOSw5Qxi32r-
214,Freddie Gibbs & Madlib - Piñata 74 - RSD Limited Vinyl,60.0,16.2,76.2,https://www.ebay.com.au/itm/265797023169?hash=item3de2bcb5c1:g:3qUAAOSw6Xli32n6
215,"Freddie Gibbs & Madlib ‎- Piñata, 12"" 2xLP Vinyl, Sealed",41.85,35.43,77.28,https://www.ebay.com.au/itm/125407596086?hash=item1d32e00e36:g:hsUAAOSwalJiyFFx
216,Freddie Gibbs - Piñata Vinyl Record,50.61,29.86,80.47,https://www.ebay.com.au/itm/234518294878?hash=item369a61315e:g:kVsAAOSwXPRiYFwd
217,Freddie Gibbs & Madlib ‎– Piñata : Madlib Invazion ‎MMS-022 SEALED VINYL 2LP,46.97,49.91,96.88,https://www.ebay.com.au/itm/274598720387?hash=item3fef5bf383:g:MlgAAOSwtvxfx-oy
218,Freddie Gibbs Madlib Piñata 1974 Version  RSD 2020 Store Day Vinyl Record LP,72.29,36.15,108.44,https://www.ebay.com.au/itm/293806187936?hash=item446836a5a0:g:nlMAAOSw2V5flGqQ
219,Freddie Gibbs & Madlib Pinata '74 Vinyl RSD Record Store Day NEW Piñata Limited,69.34,42.4,111.74000000000001,https://www.ebay.com.au/itm/363910229089?epid=8041894840&hash=item54babd6c61:g:bdYAAOSwCnVhuWnt
220,Freddie Gibbs Madlib Piñata RSD 2020 Soundtrack Vinyl OST Record Store Day LP,99.78,31.02,130.8,https://www.ebay.com.au/itm/254903651539?epid=8041894840&hash=item3b59710cd3:g:LJwAAOSwE3NfljvV
221,Freddie Gibbs & Madlib Pinata '74 Vinyl RSD Record Store Day Piñata 1974 Ed,93.82,42.95,136.76999999999998,https://www.ebay.com.au/itm/154549611639?hash=item23fbdfec77:g:jiYAAOSwlLZhAwSc
222,N/A,0.0,0.0,0.0,N/A
223,"DJ Shadow - Endtroducing..... [Used Very Good 7"" Vinyl] Half-Speed Mastering",26.74,10.48,37.22,https://www.ebay.com.au/itm/165213981577?epid=24049891875&hash=item2677854b89:g:pmgAAOSwmcphqVeM
224,"DJ Shadow - Endtroducing..... [New 7"" Vinyl] Half-Speed Mastering",29.81,10.48,40.29,https://www.ebay.com.au/itm/133985352710?epid=24049891875&hash=item1f32263c06:g:RvAAAOSwFEhh1god
225,DJ SHADOW - ENDTRODUCING NEW VINYL,33.99,10.0,43.99,https://www.ebay.com.au/itm/144619550539?epid=16052289049&hash=item21abff374b:g:bKIAAOSwHWlitrP1
226,"DJ Shadow - Endtroducing..... [New 7"" Vinyl] Half-Speed Mastering",34.75,9.69,44.44,https://www.ebay.com.au/itm/124930361748?hash=item1d166e0994:g:l9kAAOSwZTVhWG3O
227,New listingDJ Shadow - Endtroducing Remixes - Vinyl Record 7 INCH RECORD.. - R99A,28.97,19.08,48.05,https://www.ebay.com.au/itm/385048296894?epid=18052254182&hash=item59a6aabdbe:g:tQoAAOSwFixi77fd
228,DJ Shadow Endtroducing..... Vinyl NEU,56.79,4.85,61.64,https://www.ebay.com.au/itm/304588838727?epid=152772823&hash=item46eae8d747:g:yS0AAOSwp5di7qp7
229,Dj Shadow - Endtroducing... [VINYL],59.94,3.84,63.78,https://www.ebay.com.au/itm/254256213428?epid=23052261571&hash=item3b32d9edb4:g:3XMAAOSwqTxfdd7E
230,DJ Shadow Endtroducing..... Vinyl NEW,58.56,5.75,64.31,https://www.ebay.com.au/itm/284921436418?epid=23052261571&hash=item4256a41902:g:01oAAOSw4qFi7AW7
231,DJ SHADOW Endtroducing DOUBLE LP VINYL Europe Universal 2014 2lp 180g Reissue,44.1,21.0,65.1,https://www.ebay.com.au/itm/265551547637?epid=23052261571&hash=item3dd41b0cf5:g:fvsAAOSwfGliDAnf
232,"DJ SHADOW The Number Song 7"" NEW VINYL Mo Wax Cut Chemist Endtroducing",33.39,32.93,66.32,https://www.ebay.com.au/itm/194852177363?epid=24049891875&hash=item2d5e1845d3:g:mm8AAOSwNmliEJVp
233,"Rare Earth Ecology RS514 Vinyl, LP 1970",21.68,29.21,50.89,https://www.ebay.com.au/itm/403787874471?hash=item5e03a200a7:g:CbYAAOSweopiq3UV
234,Rare Earth Ecology (US IMPORT) VINYL LP NEW,51.23,3.3,54.529999999999994,https://www.ebay.com.au/itm/115331895354?epid=21050132891&hash=item1ada51103a:g:UpAAAOSwDqliTlpa
235,Rare Earth - Ecology [New Vinyl LP] Green,50.71,4.83,55.54,https://www.ebay.com.au/itm/184979733470?hash=item2b11a6bbde:g:MM0AAOSwvTFhCTvq
236,RARE EARTH-ECOLOGY (OLIVE GREEN OPAQUE) (GRN) VINYL LP NEW,51.7,4.92,56.620000000000005,https://www.ebay.com.au/itm/233668265037?hash=item3667b6c44d:i:233668265037
237,Rare Earth Ecology VINYL LP NEU,52.2,4.85,57.050000000000004,https://www.ebay.com.au/itm/354202192401?hash=item5278188a11:g:wKMAAOSwcqJi6n2a
238,Ecology - 1970 - by Rare Earth - LP Vinyl Album - Motown RS514 - Original Reco..,23.09,34.34,57.43000000000001,https://www.ebay.com.au/itm/154272029287?hash=item23eb545a67:g:IksAAOSw1xhZmkjM
239,RARE EARTH - ECOLOGY VINYL LP,21.68,36.34,58.02,https://www.ebay.com.au/itm/124782328268?hash=item1d0d9b39cc:g:w~0AAOSwlZxg0gBg
240,"Lot of 3 Rare Earth Vinyl Albums Ecology, Band Together, Get Ready",23.14,35.01,58.15,https://www.ebay.com.au/itm/254912035563?hash=item3b59f0faeb:g:BP8AAOSwSNxgWB4y
241,Rare Earth - Ecology [New Vinyl LP] Green,47.67,10.48,58.150000000000006,https://www.ebay.com.au/itm/184981794112?epid=14046060803&hash=item2b11c62d40:g:uo8AAOSwwZhhCoui
242,Rare Earth - Ecology [New Vinyl LP] Green,52.13,6.45,58.580000000000005,https://www.ebay.com.au/itm/164924073353?hash=item26663da589:g:y~8AAOSwZuxg0QU2
243,Wings 2 - Band On The Run - Vinyl Record lp.. - P315A,26.91,19.01,45.92,https://www.ebay.com.au/itm/374181018756?hash=item571eed3c84:g:F4AAAOSw3fFi3R9Z
244,"Paul McCartney – All The Best ! 2x12"" Rock Vinyl LP Wings Jet Band On The Run",28.77,28.77,57.54,https://www.ebay.com.au/itm/234641608155?hash=item36a1bacddb:g:ZD8AAOSwAsZi5Y7m
245,Wings Band On The Run -2/-4 Press VG Vinyl LP Record Album PAS 10007 & Poster,28.77,38.29,67.06,https://www.ebay.com.au/itm/265735201111?hash=item3ddf0d6157:g:z6sAAOSwW61ipyDp
246,Paul McCartney & Wings Band On The Run Vinyl UK 1973 MPL EMI 2/5 LP & Poster EXC,48.81,34.55,83.36,https://www.ebay.com.au/itm/134100214501?hash=item1f38fee2e5:g:EI0AAOSww3Ziaopu
247,N/A,0.0,0.0,0.0,N/A
248,Moby James Bond Theme 12 Inch Single Play Tested Vinyl 1987 Mute Records,22.65,25.56,48.209999999999994,https://www.ebay.com.au/itm/165472639220?hash=item2686f018f4:g:7WoAAOSwEgJid210
249,Moby - Play Vinyl,74.24,0.0,74.24,https://www.ebay.com.au/itm/354029497304?epid=2321184427&hash=item526dcd6bd8:g:QuAAAOSwrUpiaA5s
250,Moby 12 Inch Single Why Does My Heart Feel So Bad Play Tested Vinyl Very Rare,43.58,33.05,76.63,https://www.ebay.com.au/itm/165343601341?hash=item267f3f22bd:g:gKsAAOSw5EdiD9rN
251,New listingMoby: Play (2LP/180g) ~LP vinyl *SEALED*~,59.45,21.1,80.55000000000001,https://www.ebay.com.au/itm/334525767580?epid=18052240528&hash=item4de34a1f9c:g:N-YAAOSwwQpi7BnT
252,MOBY - Play - Vinyl (180 gram vinyl 2xLP),66.45,16.96,83.41,https://www.ebay.com.au/itm/185459856317?epid=18052240528&hash=item2b2e44d3bd:g:Y4cAAOSwNiJi4YCx
253,Moby Play (US IMPORT) VINYL NEW,93.36,3.3,96.66,https://www.ebay.com.au/itm/115486310596?epid=2321184427&hash=item1ae38540c4:g:amwAAOSwXQpi7ZZX
254,"MOBY - PLAY (NEW VERSION 2LP,180GRAMM)  2 VINYL LP NEU",56.58,40.41,96.99,https://www.ebay.com.au/itm/185417823746?epid=1109860989&hash=item2b2bc37602:g:5TsAAOSwuIlieAFR
255,Moby Play (Importación USA) VINYL NUEVO,99.02,4.85,103.86999999999999,https://www.ebay.com.au/itm/115486177703?hash=item1ae38339a7:g:yLYAAOSwr-hi7Wr4
256,Moby Play VINYL NEW,99.3,6.36,105.66,https://www.ebay.com.au/itm/295137471409?epid=16046056297&hash=item44b7906bb1:g:yvcAAOSwSMti7Tnb
257,"MOBY - PLAY (NEW VERSION 2LP,180GRAMM)  2 VINYL LP NEW!",68.41,38.49,106.9,https://www.ebay.com.au/itm/334446072403?epid=2321184427&hash=item4dde8a1253:g:5TsAAOSwuIlieAFR
258,The Cinematic Orchestra-Ma Fleur Limited Edition Clear Vinyl VINYL NEW,45.28,3.3,48.58,https://www.ebay.com.au/itm/284389767610?hash=item4236f379ba:g:18cAAOSwMHphAwvQ
259,The Cinematic Orchestra - Ma Fleur [VINYL],53.57,0.0,53.57,https://www.ebay.com.au/itm/275319350307?hash=item401a4fe423:g:-qEAAOSwwvxih8iM
260,"CINEMATIC ORCHESTRA, The - Ma Fleur (reissue) - Vinyl (2xLP)",53.52,16.96,70.48,https://www.ebay.com.au/itm/403797874888?epid=25052238442&hash=item5e043a98c8:g:TI4AAOSwffFi4z4d
261,THE CINEMATIC ORCHESTRA - MA FLEUR NEW VINYL RECORD,56.43,15.25,71.68,https://www.ebay.com.au/itm/334405801684?epid=25052238442&hash=item4ddc2396d4:g:KAgAAOSw-t9iyNDf
262,THE CINEMATIC ORCHESTRA MA FLEUR NEW SEALED COLOURED VINYL 2LP REISSUE IN STOCK,40.11,34.67,74.78,https://www.ebay.com.au/itm/294300728009?hash=item4485b0bac9:g:tbYAAOSwgzxhAUAL
263,The Cinematic Orchestra - Ma Fleur (Vinyl),75.46,0.0,75.46,https://www.ebay.com.au/itm/225090478875?hash=item346870231b:g:WQEAAOSwDHRirXpb
264,The Cinematic Orchestra - Ma Fleur (Clear Vinyl) (NEW 2 VINYL LP),49.85,32.61,82.46000000000001,https://www.ebay.com.au/itm/354190037921?epid=25052238442&hash=item52775f13a1:g:QT8AAOSwem5i4e9~
265,The Cinematic Orchestra: Ma Fleur =LP vinyl *BRAND NEW*=,65.97,21.1,87.07,https://www.ebay.com.au/itm/374139085028?epid=25052238442&hash=item571c6d60e4:g:5y8AAOSw8Yhir0uq
266,The Cinematic Orchestra Ma Fleur (US IMPORT) VINYL NEW,84.81,3.3,88.11,https://www.ebay.com.au/itm/115473632203?hash=item1ae2c3cbcb:g:nDcAAOSwBUdi3Qv6
267,THE CINEMATIC ORCHESTRA - MA FLEUR (LTD CLEAR 2LP+BONUS TRACKS)  2 VINYL LP NEU,53.34,40.41,93.75,https://www.ebay.com.au/itm/384877224017?hash=item599c786051:g:ZcgAAOSwxnFidxCc
268,N/A,0.0,0.0,0.0,N/A
269,N/A,0.0,0.0,0.0,N/A
270,The Jones Girls - Keep It Comin' - Vinyl Record.. - P1034A,36.22,26.68,62.9,https://www.ebay.com.au/itm/374191904026?hash=item571f93551a:g:9gEAAOSwm9Fi4Zin
271,"Mine All Mine Ca$hflow UK 7"" vinyl single record JAB30 CLUB",20.99,8.44,29.43,https://www.ebay.com.au/itm/393901581315?hash=item5bb65d2403:g:j2QAAOSwI5dh8l~3
272,"Ca$hflow Mine All Mine 12"" vinyl single record (Maxi) UK",22.9,8.92,31.82,https://www.ebay.com.au/itm/294788227672?hash=item44a2bf6258:g:hrIAAOSwjbph-Uq6
273,"Mine All Mine Ca$hflow UK 12"" vinyl single record (Maxi)",22.9,8.92,31.82,https://www.ebay.com.au/itm/393903785117?hash=item5bb67ec49d:g:dXQAAOSwHkBh9BVX
274,Ca$hflow Ca$hflow vinyl LP album record UK JABH17 CLUB 1986,24.84,8.92,33.76,https://www.ebay.com.au/itm/393907262396?hash=item5bb6b3d3bc:g:3JcAAOSwAIxh9774
275,"Ca$hflow ‎ –  Party Freak  1986  US Vinyl 12"" Single   884 454 1     NMINT",20.75,18.78,39.53,https://www.ebay.com.au/itm/324479853931?hash=item4b8c81a56b:g:knwAAOSwvGNfTmv-
276,Ca$hflow vinyl LP  record Ca$hflow - Gold St... UK promo,32.51,8.92,41.43,https://www.ebay.com.au/itm/275151327326?hash=item40104c105e:g:2m4AAOSwk45h-sOl
277,"CA$HFLOW, 1986 Vinyl LP Atlanta Artists Records 826-028-1M-1.",22.65,33.15,55.8,https://www.ebay.com.au/itm/333147137491?hash=item4d911de5d3:g:Vr4AAOSwWUlapBlk
278,VINYL LP Ca$hflow ‎– Party Freak VG,35.76,20.68,56.44,https://www.ebay.com.au/itm/164638840483?hash=item26553d56a3:g:wpIAAOSwH1xf~K6F
279,"CA$HFLOW ""Reach Out"" Vinyl 12"" Single - 1986 Atlanta Artists 888-005-1 NM / EX",30.35,29.38,59.730000000000004,https://www.ebay.com.au/itm/153239092020?hash=item23adc2fb34:g:Em4AAOSwOrpb2IXb
280,LP: Ca$hflow: Ca$hflow Vinyl 1986 PolyGram records see photos Free shipping,36.15,35.54,71.69,https://www.ebay.com.au/itm/255664503700?hash=item3b86cabb94:g:sBgAAOSw6r5io9sI
281,Steely Dan Pretzel Logic - 5th UK vinyl LP album record,38.27,8.92,47.190000000000005,https://www.ebay.com.au/itm/275408387731?hash=item401f9e7e93:g:FZoAAOSw47Ri6IXW
282,Steely Dan PRETZEL LOGIC Vinyl LP ABC RECORDS ABCL 5045 GATEFOLD UK Re-issue VG,22.65,27.57,50.22,https://www.ebay.com.au/itm/125441039740?hash=item1d34de5d7c:g:fOcAAOSwzmBi5k5N
283,STEELY DAN - PRETZEL LOGIC VINYL 45 RPM.USA ISSUE.PLAYS EXCELLENT.,23.54,29.1,52.64,https://www.ebay.com.au/itm/304566822274?hash=item46e998e582:g:s9IAAOSwbQ9i1Fhr
284,STEELY DAN - Pretzel Logic LP vinyl Australian Pressing ABC Records Gatefold,40.0,12.7,52.7,https://www.ebay.com.au/itm/165566100471?hash=item268c8233f7:g:e44AAOSwkj5ixjRQ
285,"STEELY DAN pretzel logic LP EX-/EX, ABCL 5045, vinyl, album, gatefold, uk, 1974",49.53,0.0,49.53,https://www.ebay.com.au/itm/304295676599?hash=item46d96f8ab7:g:yqsAAOSw7Cdh2d6P
286,"$14.99 or LESS ""L-Z"" Vinyl Records You Pick, Rock/Jazz/Soul/ETC Upd. 08/08",8.68,36.41,45.089999999999996,https://www.ebay.com.au/itm/224327545591?hash=item343af6b2f7:g:SZ8AAOSw3Jhf~kwv
287,STEELY DAN PRETZEL LOGIC MCA VIM-4042 JAPAN OBI VINYL LP,29.64,26.03,55.67,https://www.ebay.com.au/itm/234644784644?hash=item36a1eb4604:i:234644784644
288,Steely Dan  Pretzel Logic (Rare Original Vintage vinyl)ABC Records ABCD-808,33.26,29.48,62.739999999999995,https://www.ebay.com.au/itm/165611541527?hash=item268f379417:g:EgcAAOSwmdFiW3XU
289,Steely Dan ‎– Pretzel Logic 1974 MCA ABCD-808 RE Jacket VG+ Vinyl NM- Rikki,29.28,35.38,64.66,https://www.ebay.com.au/itm/115475036891?hash=item1ae2d93adb:g:UIkAAOSwrtpi3v64
290,Pretzel Logic--Steely Dan--Record LP Vinyl-1980--MCA--MCA-37042,36.14,29.53,65.67,https://www.ebay.com.au/itm/144472808422?hash=item21a3401be6:g:d2EAAOSwg3ViOfaa
291,"Mos Def/Diverse ""Wylin' Out"" 12"" VG+ Orig Talib Kweli Black Star OOP",22.25,31.73,53.980000000000004,https://www.ebay.com.au/itm/351740768545?hash=item51e5623121:g:edEAAOSwepZXQmj3
292,Mos Def & Talib Kweli Are Black Star - Slipcase,38.36,16.3,54.66,https://www.ebay.com.au/itm/314069464175?hash=item491fffb46f:g:ZPoAAOSw74tizH4A
293,"Mos Def ""Sex Love Money"" 12"" Orig Talib Kweli Black Star OOP",23.84,31.73,55.57,https://www.ebay.com.au/itm/350720857632?hash=item51a8979620:g:bpsAAMXQs6FRJQ4D
294,"Talib Kweli ""Around My Way"" 12"" Orig Mos Def Black Star OOP vinyl John Legend",23.84,31.73,55.57,https://www.ebay.com.au/itm/350609242116?hash=item51a1f07804:g:JtcAAMXQQANREz1I
295,"Black Star RE-DEFinition 12""  Mos Def Talib Kweli",28.91,29.35,58.260000000000005,https://www.ebay.com.au/itm/274838033065?hash=item3ffd9f92a9:g:NGMAAOSw-XJgzMBL
296,"Mos Def & Talib Kweli Are Black Star - Respiration (12"")",29.71,0.0,29.71,https://www.ebay.com.au/itm/403766859419?hash=item5e0261569b:g:4XAAAOSwPKpiy0ca
297,"Mos Def/Black Star ""split"" 12"" Orig Talib Kweli Common OOP",31.8,31.73,63.53,https://www.ebay.com.au/itm/351744450454?hash=item51e59a5f96:g:qY4AAOSwQaJXSP1K
298,The Hurricane Soundtrack: Sampler - Audio Cassette Tape - Mos Def - Black Star,46.26,24.74,71.0,https://www.ebay.com.au/itm/184586318287?hash=item2afa33b1cf:g:kqcAAOSw-11f3Xkv
299,"BLACK STAR MOS DEF TALIB KWELI Definition 12"" PROMO ONLY VINYL Hip Hop Rap lp NM",36.08,40.17,76.25,https://www.ebay.com.au/itm/134041263455?hash=item1f357b5d5f:g:zScAAOSwGWliH-xn
300,BLACK STAR MOS DEF TALIB KWELI DEFINITION TWICE INNA 12” 1998 VINYL,40.16,38.28,78.44,https://www.ebay.com.au/itm/304575703770?hash=item46ea206ada:g:BaoAAOSwcxpi3ztC
301,MOS DEF*black on both sides*2LP SET VINYL RAWKUS RWK-1175 VG/VG 1999 ORIGINAL🎵,67.95,30.27,98.22,https://www.ebay.com.au/itm/165235857352?hash=item2678d317c8:g:q4AAAOSw-NZhun90
302,Black On Both Sides (2015) • Mos Def • NEW/SEALED Vinyl LP Record,85.32,25.67,110.99,https://www.ebay.com.au/itm/224687068875?epid=18046059940&hash=item34506496cb:g:QjAAAOSwYBxhiSuE
303,"D'Angelo & The Vanguard Black Messiah Vinyl / 12"" Album NEW",44.06,3.3,47.36,https://www.ebay.com.au/itm/284906535043?epid=13050151754&hash=item4255c0b883:g:mGcAAOSwsJBi2w4f
304,"D'Angelo & The Vanguard Black Messiah Vinyl / 12"" Album NEU",47.17,4.85,52.02,https://www.ebay.com.au/itm/284907830559?epid=208308364&hash=item4255d47d1f:g:cT8AAOSwNCRi3JMu
305,D'angelo And The Vanguard - Black Messiah [VINYL],52.1,0.0,52.1,https://www.ebay.com.au/itm/275318725387?epid=13050151754&hash=item401a465b0b:g:9HoAAOSw49Fih284
306,"D'Angelo & The Vanguard Black Messiah (US IMPORT) Vinyl / 12"" Album NEW",50.17,3.3,53.47,https://www.ebay.com.au/itm/115458805526?epid=13050151754&hash=item1ae1e18f16:g:9qoAAOSwwYZiyITT
307,"D'Angelo & The Vanguard Black Messiah Vinyl / 12"" Album NEW",47.78,5.75,53.53,https://www.ebay.com.au/itm/284905122617?epid=9052229412&hash=item4255ab2b39:g:OyIAAOSwCVhi2Z0Q
308,"D'Angelo & The Vanguard Black Messiah Vinyl / 12"" Album NEW",56.14,4.92,61.06,https://www.ebay.com.au/itm/234617319819?hash=item36a048318b:g:tBwAAOSwx7RiyJZI
309,"D'Angelo & The Vanguard Black Messiah Vinyl / 12"" Album NEW",54.78,6.36,61.14,https://www.ebay.com.au/itm/403762836821?epid=6046047214&hash=item5e0223f555:g:e08AAOSwiRhiyHrk
310,"D'Angelo & The Vanguard Black Messiah Vinyl / 12"" Album NUOVO",58.15,4.85,63.0,https://www.ebay.com.au/itm/115458814292?hash=item1ae1e1b154:g:-FsAAOSw8nxiyIeQ
311,"D'Angelo & The Vanguard Black Messiah (US IMPORT) Vinyl / 12"" Album NEW",57.64,5.75,63.39,https://www.ebay.com.au/itm/115458755735?epid=9052229412&hash=item1ae1e0cc97:g:fFEAAOSw9OZiyHSX
312,D'Angelo And The Vanguard Black Messiah 1LP Vinyl Gatefold 2015 RCA,37.17,32.32,69.49000000000001,https://www.ebay.com.au/itm/185317179648?epid=208308364&hash=item2b25c3c100:g:EeYAAOSw1OhiG48t
313,"Peter Gabriel Don't Give Up UK 7"" vinyl single record PGS2",22.92,8.44,31.36,https://www.ebay.com.au/itm/393913577328?hash=item5bb7142f70:g:wtYAAOSwcD1h~QXS
314,"Peter Gabriel, Kate Bush ‎– Don't Give Up Virgin PGS 2 UK Vinyl 7inch 45 Single",20.03,0.0,20.03,https://www.ebay.com.au/itm/195152181049?hash=item2d6ff9f739:g:2O4AAOSwav9a5unZ
315,Peter Gabriel Up VINYL LP NEU,41.36,4.85,46.21,https://www.ebay.com.au/itm/284912010303?epid=233730508&hash=item425614443f:g:YToAAOSwJ-ti4ZdO
316,Peter Gabriel - Don't Give Up - Vinyl Record 7.. - Q8100A,20.42,26.12,46.540000000000006,https://www.ebay.com.au/itm/385001956067?epid=1423151288&hash=item59a3e7a2e3:g:LQ8AAOSwthhizMoC
317,"Peter Gabriel Don't Give Up 12"" vinyl single record (Maxi) UK",38.27,8.92,47.190000000000005,https://www.ebay.com.au/itm/275153485594?hash=item40106cff1a:g:iLYAAOSwC35h~Paw
318,Peter Gabriel Up VINYL LP NEW,41.8,5.75,47.55,https://www.ebay.com.au/itm/284911926907?epid=3052245178&hash=item425612fe7b:g:SwcAAOSwoSxi4X2e
319,Peter Gabriel - Don't Give Up - Vinyl Record 12.. - Q7441A,22.37,26.19,48.56,https://www.ebay.com.au/itm/385044066426?hash=item59a66a307a:g:DcUAAOSw0ypi7LoM
320,Peter Gabriel - Up [VINYL],45.02,3.84,48.86,https://www.ebay.com.au/itm/254194700424?epid=3052245178&hash=item3b2f2f5088:g:~~YAAOSwBqpfdd7T
321,"PETER GABRIEL & KATE BUSH don't give up-Framed original 7"" vinyl record",26.14,24.22,50.36,https://www.ebay.com.au/itm/165600305426?hash=item268e8c2112:g:WMQAAOSw-qNi4uuj
322,Peter Gabriel Up (US IMPORT) VINYL NEW,50.48,3.3,53.779999999999994,https://www.ebay.com.au/itm/115396435600?epid=24052296958&hash=item1ade29de90:g:Q1AAAOSwL4NijSDC
323,Peter Gabriel(Vinyl LP)Security-Geffen-GHS 2011-US-1982-Ex+/Ex,28.75,9.57,38.32,https://www.ebay.com.au/itm/313769655651?hash=item490e20fd63:g:R~wAAOSwjBphoPjF
324,"PETER GABRIEL Do It Yourself (D.I.Y) (1978 US promotional 7"" Vinyl Single EXCELL",23.0,17.26,40.260000000000005,https://www.ebay.com.au/itm/401696804716?hash=item5d86fecf6c:g:88MAAOSw5AhcUD6A
325,Peter Gabriel 1 (US IMPORT) VINYL NEW,38.6,3.3,41.9,https://www.ebay.com.au/itm/115354144366?epid=19050191956&hash=item1adba48e6e:g:oKgAAOSwlz1iYaj5
326,Peter Gabriel Peter Gabriel 2 US PR Atlantic Vinyl LP,31.55,11.72,43.27,https://www.ebay.com.au/itm/384934195650?hash=item599fddb1c2:g:ylEAAOSwCOhinjFA
327,Peter Gabriel 3: Melt (US IMPORT) VINYL NEW,41.89,3.3,45.19,https://www.ebay.com.au/itm/115474794388?epid=20052319729&hash=item1ae2d58794:g:hbwAAOSwFpxi3rj7
328,Peter Gabriel-Rated PG (US IMPORT) VINYL NEW,42.74,3.3,46.04,https://www.ebay.com.au/itm/114606475773?epid=16040241527&hash=item1aaf1409fd:g:ygAAAOSwZ5Vf7pti
329,Peter Gabriel 4 (US IMPORT) VINYL NEW,43.58,3.3,46.879999999999995,https://www.ebay.com.au/itm/115474793556?epid=21050176178&hash=item1ae2d58454:g:aUgAAOSwZ8Zi3rj0
330,Peter Gabriel-Rated PG (US IMPORT) VINYL LP NEW,45.09,3.3,48.39,https://www.ebay.com.au/itm/115283632533?epid=17050181563&hash=item1ad770a195:g:D8gAAOSwteJiJqGU
331,Peter Gabriel ‎– Peter Gabriel LP Vinyl Rock US 1978,21.1,28.77,49.870000000000005,https://www.ebay.com.au/itm/125150561191?hash=item1d238e03a7:g:n9EAAOSwxc9iC~7r
332,Peter Gabriel Secret World Live (US IMPORT) VINYL LP NEW,46.79,3.3,50.089999999999996,https://www.ebay.com.au/itm/115469216142?epid=14050189753&hash=item1ae280698e:g:4R4AAOSwlkRi1sq9
333,Primal Scream Screamadelica (US IMPORT) VINYL NEW,50.17,3.3,53.47,https://www.ebay.com.au/itm/115440251588?epid=27050157271&hash=item1ae0c672c4:g:CqcAAOSwkQpiteip
334,Primal Scream Screamadelica Vinyl NEU,49.9,4.85,54.75,https://www.ebay.com.au/itm/354177649146?epid=217524391&hash=item5276a209fa:g:T80AAOSwHAxi2Ipg
335,Primal Scream Screamadelica Vinyl NEW,50.58,5.75,56.33,https://www.ebay.com.au/itm/304570160351?epid=15052238318&hash=item46e9cbd4df:g:pAEAAOSwalJi2FhY
336,Primal Scream - Screamadelica [VINYL],52.5,3.84,56.34,https://www.ebay.com.au/itm/254194866304?epid=15052238318&hash=item3b2f31d880:g:uP8AAOSwb-JcrShX
337,Primal Scream Screamadelica (Importación USA) VINYL NUEVO,54.67,4.85,59.52,https://www.ebay.com.au/itm/115440248672?hash=item1ae0c66760:g:wi4AAOSwmpliteh7
338,Primal Scream Screamadelica VINYL NEW,56.14,4.92,61.06,https://www.ebay.com.au/itm/234600684700?epid=1350739039&hash=item369f4a5c9c:g:z-oAAOSwkaJitfIE
339,Primal Scream Screamadelica VINYL NEW,54.78,6.36,61.14,https://www.ebay.com.au/itm/295060437270?epid=22046044141&hash=item44b2f8f916:g:4d4AAOSw8RpitdNP
340,Primal Scream Screamadelica VINYL NUOVO,58.15,4.85,63.0,https://www.ebay.com.au/itm/115440255593?epid=1144973226&hash=item1ae0c68269:g:OCYAAOSwPlZitele
341,Primal Scream Screamadelica (US IMPORT) VINYL NEW,57.64,5.75,63.39,https://www.ebay.com.au/itm/115440142957?epid=15052238318&hash=item1ae0c4ca6d:g:l0YAAOSwgzVitdPY
342,Primal Scream - Screamadelica [VINYL],65.92,0.0,65.92,https://www.ebay.com.au/itm/275328034012?epid=27050157271&hash=item401ad464dc:g:VeUAAOSwB4Jetdhw
343,N/A,0.0,0.0,0.0,N/A
